URL,page_hash
https://www.irishrefugeecouncil.ie/work-for-us,1a5875873a60aa3f7ab06573c6212d7cabf958437bfbe8d506038024f0bdcc31
https://nascireland.org/vacancies,9abea5b9a1c8a369af091cb7b6fd86ecbab89e7f968636f753d5de0a7c0c3217
https://www.amnesty.ie/get-involved/work-with-us/,6f4f16fcd25799600445188cc9d8b5996be746011dc23f9001b0260c6defc9fb
https://www.ageaction.ie/work-with-us/,1d76515e441435e473287e6bd6a51076d92ee99577b84b9ff59dcfb3cdc125a8
https://www.mrci.ie/vacancies/,1ab36d8e699ace0cfb99eec09785cc42d67a54d382de0720ffe7ea37ad86515c
https://www.volunteer.ie/vacancies/,7e09b66763a8327edfe7aa82c0ba3a68644f5ce119eceddff1d28fa6e5dae93e
https://onefamily.ie/get-involved/vacancies-volunteering/,eded344bd69ee8a455b6265512bfae5a08b54a2c41a0c7fe73b66e4e556713b3
https://outhouse.ie/work-with-us/,24999de86457f29b739ebc55a56272ca981d035953a38cf3eb029b43f99f0a60
https://www.immigrantcouncil.ie/work-with-us,f2267fde7ba9afa9c0416855532bce607398eaa88526ab6f41fbcaab13e60a2a
https://crosscare.ie/vacancies/,c447ad22f811034c4b64fc591ac3ffff0d4f8b75dd8ae83e696e34de801ea771
https://threshold.ie/careers/,021d6df91b71d5b53e19b658bc9b1408ac3838e55df16fafc61abb3e06d5425a
https://www.focusireland.ie/experienced-professionals/#current_opportunities,52d621a09e56b309e4f2dde75173cace206da4408548662afc822a52f50ef078
https://www.cancer.ie/about-us/careers,
https://www.dspca.ie/latest-news/,86e3d273879f4b0263316ec5a25377d007302c3ca641d2cf4936c6334645826d
https://iwt.ie/category/jobs/,9b1dd86aa58ab3ee6626e7e43b2d391cb76ffa350090513f005ce72744efd448
https://ispca.ie/jobs/,b1969d37df1e842eb54242c6f8b532a71f6bc06cd522d211e75ee1309792c8d0
https://irishheart.ie/careers/,c565f52109a53adc5c57a937bebf6e3cb9f0ed0c5f4b167d442efbb36d72f499
https://www.unicef.ie/about/working-with-us/,19ceb45763e2263fc716410cfd59ddf305c58d7d01151afdea580494a6995032
https://www.svp.ie/careers/work-with-us/,823a84996e61cc146ba6b525b5efc7ae93b1f95e931cf7702471a410a4b2b24c
https://imma.ie/about/jobs-opportunities/current-vacancies/,3fad1a1274c0c1b43a72a2abb98ba099bd4ee423fb93e56a962ffb952ef22300
https://mariekeating.ie/news/,3142513370533631a6e3a07fb4db302d95fa63611d5e251b9d3a2ed3f69ee8f1
https://www.mentalhealthireland.ie/mental-health-ireland-jobs/,8a5845bd16381b8d6ca54fb17c1431cd09ca616bb28b9be885cfc4b5b9694571
https://www.redcross.ie/careers/,4b167fcce79154cb4ae392268e65f601fcf917ca50fb529cbab1fc7804bf7a7f
https://jigsaw.ie/careers/,27e6cc186c2ee81fe219c2160d7e54378957961003fc888439d59095ca167dd2
https://www.bas.ac.uk/jobs/vacancies/,d22304191f872bd38c7fd155f33de6c06957ebf91c4bc25d7a604a943a25afbd
https://breakthroughcancerresearch.ie/news-listing/,39153da9d794e5c3cd2be0fa82a1cd3839ec09809c4e5ab716cdd2ed7bc6a27e
https://www.antaisce.org/vacancies,5e8c694956ce21994da7ad3beb6a22bf93885c0a8354b7e6b7f8674a3a3a6ca5
https://ien.ie/the-ien-is-hiring/,b0e1073f0de8c99858d246e799f623590f6b83d4fe98421f4777dbbfa15392b6
https://www.friendsoftheearth.ie/jobs/,0848bd1b1f691376afc4ca502b6b18afa001af4faaeb86326799939161e4c09f
https://www.bluecross.ie/work-with-us/,49d84ce68afaa903ae3f81007947942ac8fed07b46acbd1a2838187c0c68feb6
https://nihrc.org/about-us/careers,1f62c1ed7038f491fc4a7ef89a67a608b21c1a0c267fa8a968184a07c25035cd
